{
	"$schema": "https://json-schema.org/draft/2020-12/schema",
	"title": "HITConfigSchema",
	"description": "Json Schema for HIT by Andrew Pratt",
	"type": "object",
	"additionalProperties": false,
	"properties": {
		"ready": {
			"type": "boolean",
			"const": true
		},
		"pathHitmanRuntime": {
			"$ref": "#/$defs/filepathFolder"
		},
		"pathRpkgCli": {
			"$ref": "#/$defs/filepathExe"
		},
		"pathOresTool": {
			"$ref": "#/$defs/filepathExe"
		},
		"inputPatch": {
			"$ref": "#/$defs/patchNumber"
		},
		"outputPatch": {
			"$ref": "#/$defs/newPatchNumber"
		},
		"replaceAmount": {
			"$ref": "#/$defs/itemAmount"
		},
		"useGetAllItem": {
			"type": "boolean"
		},
		"getAllItemId": {
			"$ref": "#/$defs/itemId"
		},
		"replaceAllAmount": {
			"$ref": "#/$defs/itemAmount"
		},
		"affectAllItems": {
			"type": "boolean"
		},
		"affect": {
			"$ref": "#/$defs/itemAffectArray"
		}
	},
	"required": [
		"ready",
		"pathHitmanRuntime",
		"pathRpkgCli",
		"pathOresTool",
		"inputPatch",
		"outputPatch",
		"replaceAmount",
		"useGetAllItem",
		"getAllItemId",
		"replaceAllAmount",
		"affectAllItems",
		"affect"
	],
	"$defs": {
		"filepathFolder": {
			"type": "string"
		},
		"filepathExe": {
			"type": "string",
			"pattern": "^.*\\.exe$"
		},
		"patchNumber": {
			"type": "integer",
			"exclusiveMinimum": 0,
			"maximum": 10000
		},
		"newPatchNumber": {
			"type": "integer",
			"exclusiveMinimum": 2,
			"maximum": 10000
		},
		"itemAmount": {
			"type": "integer",
			"exclusiveMinimum": 0,
			"maximum": 4294967295
		},
		"itemId": {
			"type": "string",
			"minLength": 1
		},
		"itemAffectArray": {
			"type": "array",
			"items": {
				"$ref": "#/$defs/itemSelector"
			}
		},
		"itemSelector": {
			"type": "object",
			"additionalProperties": false,
			"properties": {
				"type": {
					"$ref": "#/$defs/itemType"
				},
				"subtype": {
					"$ref": "#/$defs/itemSubtype"
				}
			},
			"required": [
				"type",
				"subtype"
			]
		},
		"itemType": {
			"type": "string",
			"enum": ["*", "weapon", "gear"]
		},
		"itemSubtype": {
			"type": "string",
			"enum": ["*", "tool", "explosive", "distraction", "poison", "pistol", "smg", "assaultrifle", "shotgun", "container", "melee"]
		}
	}
}